{
      "Москва": 0,
      "Санкт-Петербург": 0,
      "Калининград": -1,
      "Самара": 1,
      "Самарская область": 1,
      "Екатеринбург": 2,
      "Омск": 3,
      "Красноярск": 4,
      "Иркутск": 5,
      "Якутск": 6,
      "Владивосток": 7,
      "Магадан": 8,
      "Камчатка": 9,
      "Воронеж": 0,
      "Воронежская область": 0,
      "Ростов-на-Дону": 0,
      "Ростовская область": 0,
      "Нижний Новгород": 0,
      "Нижегородская область": 0,
      "Казань": 0,
      "Республика Татарстан": 0,
      "Уфа": 2,
      "Республика Башкортостан": 2,
      "Новосибирск": 4,
      "Новосибирская область": 4,
      "Краснодар": 0,
      "Краснодарский край": 0,
      "Пермь": 2,
      "Пермский край": 2,
      "Волгоград": 0,
      "Волгоградская область": 0,
      "Саратов": 1,
      "Саратовская область": 1,
      "Тюмень": 2,
      "Тюменская область": 2,
      "Ижевск": 1,
      "Удмуртская Республика": 1,
      "Барнаул": 4,
      "Алтайский край": 4,
      "Улан-Удэ": 5,
      "Республика Бурятия": 5,
      "Чита": 6,
      "Забайкальский край": 6,
      "Петропавловск-Камчатский": 9,
      "Камчатский край": 9,
      "Хабаровск": 7,
      "Хабаровский край": 7,
      "Владимир": 0,
      "Владимирская область": 0,
      "Сочи": 0,
      "Тула": 0,
      "Тульская область": 0,
      "Киров": 0,
      "Кировская область": 0,
      "Челябинск": 2,
      "Челябинская область": 2,
      "Оренбург": 2,
      "Оренбургская область": 2,
      "Пенза": 0,
      "Пензенская область": 0,
      "Рязань": 0,
      "Рязанская область": 0,
      "Астрахань": 1,
      "Астраханская область": 1,
      "Набережные Челны": 0,
      "Томск": 4,
      "Томская область": 4,
      "Кемерово": 4,
      "Кемеровская область": 4,
      "Смоленск": 0,
      "Смоленская область": 0,
      "Курск": 0,
      "Курская область": 0,
      "Орел": 0,
      "Орловская область": 0,
      "Белгород": 0,
      "Белгородская область": 0,
      "Архангельск": 0,
      "Архангельская область": 0,
      "Мурманск": 0,
      "Мурманская область": 0,
      "Северодвинск": 0,
      "Йошкар-Ола": 0,
      "Республика Марий Эл": 0,
      "Сыктывкар": 0,
      "Республика Коми": 0,
      "Нальчик": 0,
      "Кабардино-Балкария": 0,
      "Ставрополь": 0,
      "Ставропольский край": 0,
      "Грозный": 0,
      "Чеченская Республика": 0,
      "Махачкала": 0,
      "Дагестан": 0,
      "Владикавказ": 0,
      "Северная Осетия": 0,
      "Ярославль": 0,
      "Ярославская область": 0,
      "Кострома": 0,
      "Костромская область": 0,
      "Иваново": 0,
      "Ивановская область": 0,
      "Брянск": 0,
      "Брянская область": 0,
      "Курган": 2,
      "Курганская область": 2,
      "Севастополь": 0,
      "Республика Крым": 0,
      "Симферополь": 0,
      "Сахалин": 7,
      "Сахалинская область" : 7,
      "Калуга" : 0,
      "Калужская область" : 0
    }